rank,eps_e,s_e,fitness,mode,primitive,k,mass_MeV,category
1,357.7297,2.0040,2.671,"(-4,-9)","(-4,-9)",1,103.044,dark-massive
1,357.7297,2.0040,2.671,"(-3,-7)","(-3,-7)",1,103.460,dark-massive
1,357.7297,2.0040,2.671,"(-2,-5)","(-2,-5)",1,103.877,dark-massive
1,357.7297,2.0040,2.671,"(+0,-1)","(+0,-1)",1,104.713,ring-only
1,357.7297,2.0040,2.671,"(-2,-3)","(-2,-3)",1,105.552,dark-massive
1,357.7297,2.0040,2.671,"(-3,-5)","(-3,-5)",1,105.973,dark-massive
1,357.7297,2.0040,2.671,"(-4,-7)","(-4,-7)",1,106.395,dark-massive
1,357.7297,2.0040,2.671,"(-4,-10)","(-2,-5)",2,207.754,dark-massive
1,357.7297,2.0040,2.671,"(-3,-8)","(-3,-8)",1,208.172,dark-massive
1,357.7297,2.0040,2.671,"(+0,-2)","(+0,-1)",2,209.426,ring-only
1,357.7297,2.0040,2.671,"(-1,+0)","(-1,+0)",1,209.845,tube-only
1,357.7297,2.0040,2.671,"(-3,-4)","(-3,-4)",1,210.685,dark-massive
1,357.7297,2.0040,2.671,"(-4,-6)","(-2,-3)",2,211.105,dark-massive
1,357.7297,2.0040,2.671,"(-4,-11)","(-4,-11)",1,312.466,dark-massive
1,357.7297,2.0040,2.671,"(-2,-7)","(-2,-7)",1,313.302,dark-massive
1,357.7297,2.0040,2.671,"(+0,-3)","(+0,-1)",3,314.139,ring-only
1,357.7297,2.0040,2.671,"(-2,-1)","(-2,-1)",1,314.978,dark-massive
1,357.7297,2.0040,2.671,"(-4,-5)","(-4,-5)",1,315.817,dark-massive
1,357.7297,2.0040,2.671,"(-3,-10)","(-3,-10)",1,417.597,dark-massive
1,357.7297,2.0040,2.671,"(+0,-4)","(+0,-1)",4,418.852,ring-only
1,357.7297,2.0040,2.671,"(-2,+0)","(-1,+0)",2,419.691,tube-only
1,357.7297,2.0040,2.671,"(-3,-2)","(-3,-2)",1,420.110,dark-massive
1,357.7297,2.0040,2.671,"(-4,-13)","(-4,-13)",1,521.892,dark-massive
1,357.7297,2.0040,2.671,"(-3,-11)","(-3,-11)",1,522.310,dark-massive
1,357.7297,2.0040,2.671,"(-2,-9)","(-2,-9)",1,522.728,dark-massive
1,357.7297,2.0040,2.671,"(+0,-5)","(+0,-1)",5,523.566,ring-only
1,357.7297,2.0040,2.671,"(-2,+1)","(-2,+1)",1,524.404,dark-massive
1,357.7297,2.0040,2.671,"(-3,-1)","(-3,-1)",1,524.823,dark-massive
1,357.7297,2.0040,2.671,"(-4,-3)","(-4,-3)",1,525.242,dark-massive
1,357.7297,2.0040,2.671,"(-4,-14)","(-2,-7)",2,626.604,dark-massive
1,357.7297,2.0040,2.671,"(+0,-6)","(+0,-1)",6,628.279,ring-only
1,357.7297,2.0040,2.671,"(-3,+0)","(-1,+0)",3,629.536,tube-only
1,357.7297,2.0040,2.671,"(-4,-2)","(-2,-1)",2,629.955,dark-massive
1,357.7297,2.0040,2.671,"(-4,-15)","(-4,-15)",1,731.317,dark-massive
1,357.7297,2.0040,2.671,"(-3,-13)","(-3,-13)",1,731.736,dark-massive
1,357.7297,2.0040,2.671,"(-2,-11)","(-2,-11)",1,732.154,dark-massive
1,357.7297,2.0040,2.671,"(+0,-7)","(+0,-1)",7,732.992,ring-only
1,357.7297,2.0040,2.671,"(-2,+3)","(-2,+3)",1,733.830,dark-massive
1,357.7297,2.0040,2.671,"(-3,+1)","(-3,+1)",1,734.249,dark-massive
1,357.7297,2.0040,2.671,"(-4,-1)","(-4,-1)",1,734.668,dark-massive
1,357.7297,2.0040,2.671,"(-3,-14)","(-3,-14)",1,836.449,dark-massive
1,357.7297,2.0040,2.671,"(+0,-8)","(+0,-1)",8,837.705,ring-only
1,357.7297,2.0040,2.671,"(-3,+2)","(-3,+2)",1,838.962,dark-massive
1,357.7297,2.0040,2.671,"(-4,+0)","(-1,+0)",4,839.381,tube-only
1,357.7297,2.0040,2.671,"(-4,-17)","(-4,-17)",1,940.743,dark-massive
1,357.7297,2.0040,2.671,"(-2,-13)","(-2,-13)",1,941.581,dark-massive
1,357.7297,2.0040,2.671,"(+0,-9)","(+0,-1)",9,942.418,ring-only
1,357.7297,2.0040,2.671,"(-2,+5)","(-2,+5)",1,943.256,dark-massive
1,357.7297,2.0040,2.671,"(-4,+1)","(-4,+1)",1,944.094,dark-massive
1,357.7297,2.0040,2.671,"(-4,-18)","(-2,-9)",2,1045.456,dark-massive
1,357.7297,2.0040,2.671,"(-3,-16)","(-3,-16)",1,1045.875,dark-massive
1,357.7297,2.0040,2.671,"(+0,-10)","(+0,-1)",10,1047.131,ring-only
1,357.7297,2.0040,2.671,"(-3,+4)","(-3,+4)",1,1048.388,dark-massive
1,357.7297,2.0040,2.671,"(-4,+2)","(-2,+1)",2,1048.807,dark-massive
1,357.7297,2.0040,2.671,"(-4,-19)","(-4,-19)",1,1150.170,dark-massive
1,357.7297,2.0040,2.671,"(-3,-17)","(-3,-17)",1,1150.588,dark-massive
1,357.7297,2.0040,2.671,"(-2,-15)","(-2,-15)",1,1151.007,dark-massive
1,357.7297,2.0040,2.671,"(+0,-11)","(+0,-1)",11,1151.844,ring-only
1,357.7297,2.0040,2.671,"(-2,+7)","(-2,+7)",1,1152.682,dark-massive
1,357.7297,2.0040,2.671,"(-3,+5)","(-3,+5)",1,1153.101,dark-massive
1,357.7297,2.0040,2.671,"(-4,+3)","(-4,+3)",1,1153.520,dark-massive
1,357.7297,2.0040,2.671,"(+0,-12)","(+0,-1)",12,1256.557,ring-only
1,357.7297,2.0040,2.671,"(-4,-21)","(-4,-21)",1,1359.596,dark-massive
1,357.7297,2.0040,2.671,"(-3,-19)","(-3,-19)",1,1360.014,dark-massive
1,357.7297,2.0040,2.671,"(-2,-17)","(-2,-17)",1,1360.433,dark-massive
1,357.7297,2.0040,2.671,"(+0,-13)","(+0,-1)",13,1361.271,ring-only
1,357.7297,2.0040,2.671,"(-2,+9)","(-2,+9)",1,1362.108,dark-massive
1,357.7297,2.0040,2.671,"(-3,+7)","(-3,+7)",1,1362.527,dark-massive
1,357.7297,2.0040,2.671,"(-4,+5)","(-4,+5)",1,1362.947,dark-massive
1,357.7297,2.0040,2.671,"(-4,-22)","(-2,-11)",2,1464.309,dark-massive
1,357.7297,2.0040,2.671,"(-3,-20)","(-3,-20)",1,1464.727,dark-massive
1,357.7297,2.0040,2.671,"(+0,-14)","(+0,-1)",14,1465.984,ring-only
1,357.7297,2.0040,2.671,"(-3,+8)","(-3,+8)",1,1467.241,dark-massive
1,357.7297,2.0040,2.671,"(-4,+6)","(-2,+3)",2,1467.660,dark-massive
1,357.7297,2.0040,2.671,"(-4,-23)","(-4,-23)",1,1569.022,dark-massive
1,357.7297,2.0040,2.671,"(-2,-19)","(-2,-19)",1,1569.859,dark-massive
1,357.7297,2.0040,2.671,"(+0,-15)","(+0,-1)",15,1570.697,ring-only
1,357.7297,2.0040,2.671,"(-2,+11)","(-2,+11)",1,1571.535,dark-massive
1,357.7297,2.0040,2.671,"(-4,+7)","(-4,+7)",1,1572.373,dark-massive
1,357.7297,2.0040,2.671,"(-3,-22)","(-3,-22)",1,1674.154,dark-massive
1,357.7297,2.0040,2.671,"(+0,-16)","(+0,-1)",16,1675.410,ring-only
1,357.7297,2.0040,2.671,"(-3,+10)","(-3,+10)",1,1676.667,dark-massive
1,357.7297,2.0040,2.671,"(-4,-25)","(-4,-25)",1,1778.448,dark-massive
1,357.7297,2.0040,2.671,"(-3,-23)","(-3,-23)",1,1778.867,dark-massive
1,357.7297,2.0040,2.671,"(-2,-21)","(-2,-21)",1,1779.285,dark-massive
1,357.7297,2.0040,2.671,"(+0,-17)","(+0,-1)",17,1780.123,ring-only
1,357.7297,2.0040,2.671,"(-2,+13)","(-2,+13)",1,1780.961,dark-massive
1,357.7297,2.0040,2.671,"(-3,+11)","(-3,+11)",1,1781.380,dark-massive
1,357.7297,2.0040,2.671,"(-4,+9)","(-4,+9)",1,1781.799,dark-massive
1,357.7297,2.0040,2.671,"(-4,-26)","(-2,-13)",2,1883.161,dark-massive
1,357.7297,2.0040,2.671,"(+0,-18)","(+0,-1)",18,1884.836,ring-only
1,357.7297,2.0040,2.671,"(-4,+10)","(-2,+5)",2,1886.512,dark-massive
1,357.7297,2.0040,2.671,"(-4,-27)","(-4,-27)",1,1987.874,dark-massive
1,357.7297,2.0040,2.671,"(-3,-25)","(-3,-25)",1,1988.293,dark-massive
1,357.7297,2.0040,2.671,"(-2,-23)","(-2,-23)",1,1988.712,dark-massive
1,357.7297,2.0040,2.671,"(+0,-19)","(+0,-1)",19,1989.549,ring-only
1,357.7297,2.0040,2.671,"(-2,+15)","(-2,+15)",1,1990.387,dark-massive
1,357.7297,2.0040,2.671,"(-3,+13)","(-3,+13)",1,1990.806,dark-massive
1,357.7297,2.0040,2.671,"(-4,+11)","(-4,+11)",1,1991.225,dark-massive
1,357.7297,2.0040,2.671,"(-3,-26)","(-3,-26)",1,2093.006,dark-massive
1,357.7297,2.0040,2.671,"(+0,-20)","(+0,-1)",20,2094.262,ring-only
1,357.7297,2.0040,2.671,"(-3,+14)","(-3,+14)",1,2095.519,dark-massive
1,357.7297,2.0040,2.671,"(-4,-29)","(-4,-29)",1,2197.300,dark-massive
1,357.7297,2.0040,2.671,"(-2,-25)","(-2,-25)",1,2198.138,dark-massive
1,357.7297,2.0040,2.671,"(+0,-21)","(+0,-1)",21,2198.976,ring-only
1,357.7297,2.0040,2.671,"(-2,+17)","(-2,+17)",1,2199.813,dark-massive
1,357.7297,2.0040,2.671,"(-4,+13)","(-4,+13)",1,2200.651,dark-massive
1,357.7297,2.0040,2.671,"(-4,-30)","(-2,-15)",2,2302.014,dark-massive
1,357.7297,2.0040,2.671,"(-3,-28)","(-3,-28)",1,2302.432,dark-massive
1,357.7297,2.0040,2.671,"(+0,-22)","(+0,-1)",22,2303.689,ring-only
1,357.7297,2.0040,2.671,"(-3,+16)","(-3,+16)",1,2304.945,dark-massive
1,357.7297,2.0040,2.671,"(-4,+14)","(-2,+7)",2,2305.364,dark-massive
1,357.7297,2.0040,2.671,"(-3,-29)","(-3,-29)",1,2407.145,dark-massive
1,357.7297,2.0040,2.671,"(-2,-27)","(-2,-27)",1,2407.564,dark-massive
1,357.7297,2.0040,2.671,"(+0,-23)","(+0,-1)",23,2408.402,ring-only
1,357.7297,2.0040,2.671,"(-2,+19)","(-2,+19)",1,2409.240,dark-massive
1,357.7297,2.0040,2.671,"(-3,+17)","(-3,+17)",1,2409.659,dark-massive
1,357.7297,2.0040,2.671,"(-4,+15)","(-4,+15)",1,2410.078,dark-massive
2,357.7297,1.9960,2.671,"(-4,-7)","(-4,-7)",1,103.044,dark-massive
2,357.7297,1.9960,2.671,"(-3,-5)","(-3,-5)",1,103.460,dark-massive
2,357.7297,1.9960,2.671,"(-2,-3)","(-2,-3)",1,103.877,dark-massive
2,357.7297,1.9960,2.671,"(+0,-1)","(+0,-1)",1,104.713,ring-only
2,357.7297,1.9960,2.671,"(-2,-5)","(-2,-5)",1,105.552,dark-massive
2,357.7297,1.9960,2.671,"(-3,-7)","(-3,-7)",1,105.973,dark-massive
2,357.7297,1.9960,2.671,"(-4,-9)","(-4,-9)",1,106.395,dark-massive
2,357.7297,1.9960,2.671,"(-4,-6)","(-2,-3)",2,207.754,dark-massive
2,357.7297,1.9960,2.671,"(-3,-4)","(-3,-4)",1,208.172,dark-massive
2,357.7297,1.9960,2.671,"(-1,+0)","(-1,+0)",1,209.008,tube-only
2,357.7297,1.9960,2.671,"(+0,-2)","(+0,-1)",2,209.426,ring-only
2,357.7297,1.9960,2.671,"(-3,-8)","(-3,-8)",1,210.685,dark-massive
2,357.7297,1.9960,2.671,"(-4,-10)","(-2,-5)",2,211.105,dark-massive
2,357.7297,1.9960,2.671,"(-4,-5)","(-4,-5)",1,312.466,dark-massive
2,357.7297,1.9960,2.671,"(-2,-1)","(-2,-1)",1,313.302,dark-massive
2,357.7297,1.9960,2.671,"(+0,-3)","(+0,-1)",3,314.139,ring-only
2,357.7297,1.9960,2.671,"(-2,-7)","(-2,-7)",1,314.978,dark-massive
2,357.7297,1.9960,2.671,"(-4,-11)","(-4,-11)",1,315.817,dark-massive
2,357.7297,1.9960,2.671,"(-3,-2)","(-3,-2)",1,417.597,dark-massive
2,357.7297,1.9960,2.671,"(-2,+0)","(-1,+0)",2,418.015,tube-only
2,357.7297,1.9960,2.671,"(+0,-4)","(+0,-1)",4,418.852,ring-only
2,357.7297,1.9960,2.671,"(-3,-10)","(-3,-10)",1,420.110,dark-massive
2,357.7297,1.9960,2.671,"(-4,-3)","(-4,-3)",1,521.892,dark-massive
2,357.7297,1.9960,2.671,"(-3,-1)","(-3,-1)",1,522.310,dark-massive
2,357.7297,1.9960,2.671,"(-2,+1)","(-2,+1)",1,522.728,dark-massive
2,357.7297,1.9960,2.671,"(+0,-5)","(+0,-1)",5,523.566,ring-only
2,357.7297,1.9960,2.671,"(-2,-9)","(-2,-9)",1,524.404,dark-massive
2,357.7297,1.9960,2.671,"(-3,-11)","(-3,-11)",1,524.823,dark-massive
2,357.7297,1.9960,2.671,"(-4,-13)","(-4,-13)",1,525.242,dark-massive
2,357.7297,1.9960,2.671,"(-4,-2)","(-2,-1)",2,626.604,dark-massive
2,357.7297,1.9960,2.671,"(-3,+0)","(-1,+0)",3,627.023,tube-only
2,357.7297,1.9960,2.671,"(+0,-6)","(+0,-1)",6,628.279,ring-only
2,357.7297,1.9960,2.671,"(-4,-14)","(-2,-7)",2,629.955,dark-massive
2,357.7297,1.9960,2.671,"(-4,-1)","(-4,-1)",1,731.317,dark-massive
2,357.7297,1.9960,2.671,"(-3,+1)","(-3,+1)",1,731.736,dark-massive
2,357.7297,1.9960,2.671,"(-2,+3)","(-2,+3)",1,732.154,dark-massive
2,357.7297,1.9960,2.671,"(+0,-7)","(+0,-1)",7,732.992,ring-only
2,357.7297,1.9960,2.671,"(-2,-11)","(-2,-11)",1,733.830,dark-massive
2,357.7297,1.9960,2.671,"(-3,-13)","(-3,-13)",1,734.249,dark-massive
2,357.7297,1.9960,2.671,"(-4,-15)","(-4,-15)",1,734.668,dark-massive
2,357.7297,1.9960,2.671,"(-4,+0)","(-1,+0)",4,836.030,tube-only
2,357.7297,1.9960,2.671,"(-3,+2)","(-3,+2)",1,836.449,dark-massive
2,357.7297,1.9960,2.671,"(+0,-8)","(+0,-1)",8,837.705,ring-only
2,357.7297,1.9960,2.671,"(-3,-14)","(-3,-14)",1,838.962,dark-massive
2,357.7297,1.9960,2.671,"(-4,+1)","(-4,+1)",1,940.743,dark-massive
2,357.7297,1.9960,2.671,"(-2,+5)","(-2,+5)",1,941.581,dark-massive
2,357.7297,1.9960,2.671,"(+0,-9)","(+0,-1)",9,942.418,ring-only
2,357.7297,1.9960,2.671,"(-2,-13)","(-2,-13)",1,943.256,dark-massive
2,357.7297,1.9960,2.671,"(-4,-17)","(-4,-17)",1,944.094,dark-massive
2,357.7297,1.9960,2.671,"(-4,+2)","(-2,+1)",2,1045.456,dark-massive
2,357.7297,1.9960,2.671,"(-3,+4)","(-3,+4)",1,1045.875,dark-massive
2,357.7297,1.9960,2.671,"(+0,-10)","(+0,-1)",10,1047.131,ring-only
2,357.7297,1.9960,2.671,"(-3,-16)","(-3,-16)",1,1048.388,dark-massive
2,357.7297,1.9960,2.671,"(-4,-18)","(-2,-9)",2,1048.807,dark-massive
2,357.7297,1.9960,2.671,"(-4,+3)","(-4,+3)",1,1150.170,dark-massive
2,357.7297,1.9960,2.671,"(-3,+5)","(-3,+5)",1,1150.588,dark-massive
2,357.7297,1.9960,2.671,"(-2,+7)","(-2,+7)",1,1151.007,dark-massive
2,357.7297,1.9960,2.671,"(+0,-11)","(+0,-1)",11,1151.844,ring-only
2,357.7297,1.9960,2.671,"(-2,-15)","(-2,-15)",1,1152.682,dark-massive
2,357.7297,1.9960,2.671,"(-3,-17)","(-3,-17)",1,1153.101,dark-massive
2,357.7297,1.9960,2.671,"(-4,-19)","(-4,-19)",1,1153.520,dark-massive
2,357.7297,1.9960,2.671,"(+0,-12)","(+0,-1)",12,1256.557,ring-only
2,357.7297,1.9960,2.671,"(-4,+5)","(-4,+5)",1,1359.596,dark-massive
2,357.7297,1.9960,2.671,"(-3,+7)","(-3,+7)",1,1360.014,dark-massive
2,357.7297,1.9960,2.671,"(-2,+9)","(-2,+9)",1,1360.433,dark-massive
2,357.7297,1.9960,2.671,"(+0,-13)","(+0,-1)",13,1361.271,ring-only
2,357.7297,1.9960,2.671,"(-2,-17)","(-2,-17)",1,1362.108,dark-massive
2,357.7297,1.9960,2.671,"(-3,-19)","(-3,-19)",1,1362.527,dark-massive
2,357.7297,1.9960,2.671,"(-4,-21)","(-4,-21)",1,1362.947,dark-massive
2,357.7297,1.9960,2.671,"(-4,+6)","(-2,+3)",2,1464.309,dark-massive
2,357.7297,1.9960,2.671,"(-3,+8)","(-3,+8)",1,1464.727,dark-massive
2,357.7297,1.9960,2.671,"(+0,-14)","(+0,-1)",14,1465.984,ring-only
2,357.7297,1.9960,2.671,"(-3,-20)","(-3,-20)",1,1467.241,dark-massive
2,357.7297,1.9960,2.671,"(-4,-22)","(-2,-11)",2,1467.660,dark-massive
2,357.7297,1.9960,2.671,"(-4,+7)","(-4,+7)",1,1569.022,dark-massive
2,357.7297,1.9960,2.671,"(-2,+11)","(-2,+11)",1,1569.859,dark-massive
2,357.7297,1.9960,2.671,"(+0,-15)","(+0,-1)",15,1570.697,ring-only
2,357.7297,1.9960,2.671,"(-2,-19)","(-2,-19)",1,1571.535,dark-massive
2,357.7297,1.9960,2.671,"(-4,-23)","(-4,-23)",1,1572.373,dark-massive
2,357.7297,1.9960,2.671,"(-3,+10)","(-3,+10)",1,1674.154,dark-massive
2,357.7297,1.9960,2.671,"(+0,-16)","(+0,-1)",16,1675.410,ring-only
2,357.7297,1.9960,2.671,"(-3,-22)","(-3,-22)",1,1676.667,dark-massive
2,357.7297,1.9960,2.671,"(-4,+9)","(-4,+9)",1,1778.448,dark-massive
2,357.7297,1.9960,2.671,"(-3,+11)","(-3,+11)",1,1778.867,dark-massive
2,357.7297,1.9960,2.671,"(-2,+13)","(-2,+13)",1,1779.285,dark-massive
2,357.7297,1.9960,2.671,"(+0,-17)","(+0,-1)",17,1780.123,ring-only
2,357.7297,1.9960,2.671,"(-2,-21)","(-2,-21)",1,1780.961,dark-massive
2,357.7297,1.9960,2.671,"(-3,-23)","(-3,-23)",1,1781.380,dark-massive
2,357.7297,1.9960,2.671,"(-4,-25)","(-4,-25)",1,1781.799,dark-massive
2,357.7297,1.9960,2.671,"(-4,+10)","(-2,+5)",2,1883.161,dark-massive
2,357.7297,1.9960,2.671,"(+0,-18)","(+0,-1)",18,1884.836,ring-only
2,357.7297,1.9960,2.671,"(-4,-26)","(-2,-13)",2,1886.512,dark-massive
2,357.7297,1.9960,2.671,"(-4,+11)","(-4,+11)",1,1987.874,dark-massive
2,357.7297,1.9960,2.671,"(-3,+13)","(-3,+13)",1,1988.293,dark-massive
2,357.7297,1.9960,2.671,"(-2,+15)","(-2,+15)",1,1988.712,dark-massive
2,357.7297,1.9960,2.671,"(+0,-19)","(+0,-1)",19,1989.549,ring-only
2,357.7297,1.9960,2.671,"(-2,-23)","(-2,-23)",1,1990.387,dark-massive
2,357.7297,1.9960,2.671,"(-3,-25)","(-3,-25)",1,1990.806,dark-massive
2,357.7297,1.9960,2.671,"(-4,-27)","(-4,-27)",1,1991.225,dark-massive
2,357.7297,1.9960,2.671,"(-3,+14)","(-3,+14)",1,2093.006,dark-massive
2,357.7297,1.9960,2.671,"(+0,-20)","(+0,-1)",20,2094.262,ring-only
2,357.7297,1.9960,2.671,"(-3,-26)","(-3,-26)",1,2095.519,dark-massive
2,357.7297,1.9960,2.671,"(-4,+13)","(-4,+13)",1,2197.300,dark-massive
2,357.7297,1.9960,2.671,"(-2,+17)","(-2,+17)",1,2198.138,dark-massive
2,357.7297,1.9960,2.671,"(+0,-21)","(+0,-1)",21,2198.976,ring-only
2,357.7297,1.9960,2.671,"(-2,-25)","(-2,-25)",1,2199.813,dark-massive
2,357.7297,1.9960,2.671,"(-4,-29)","(-4,-29)",1,2200.651,dark-massive
2,357.7297,1.9960,2.671,"(-4,+14)","(-2,+7)",2,2302.014,dark-massive
2,357.7297,1.9960,2.671,"(-3,+16)","(-3,+16)",1,2302.432,dark-massive
2,357.7297,1.9960,2.671,"(+0,-22)","(+0,-1)",22,2303.689,ring-only
2,357.7297,1.9960,2.671,"(-3,-28)","(-3,-28)",1,2304.945,dark-massive
2,357.7297,1.9960,2.671,"(-4,-30)","(-2,-15)",2,2305.364,dark-massive
2,357.7297,1.9960,2.671,"(-4,+15)","(-4,+15)",1,2406.727,dark-massive
2,357.7297,1.9960,2.671,"(-3,+17)","(-3,+17)",1,2407.145,dark-massive
2,357.7297,1.9960,2.671,"(-2,+19)","(-2,+19)",1,2407.564,dark-massive
2,357.7297,1.9960,2.671,"(+0,-23)","(+0,-1)",23,2408.402,ring-only
2,357.7297,1.9960,2.671,"(-2,-27)","(-2,-27)",1,2409.240,dark-massive
2,357.7297,1.9960,2.671,"(-3,-29)","(-3,-29)",1,2409.659,dark-massive
3,366.3780,2.0040,2.396,"(-4,-9)","(-4,-9)",1,103.842,dark-massive
3,366.3780,2.0040,2.396,"(-3,-7)","(-3,-7)",1,104.261,dark-massive
3,366.3780,2.0040,2.396,"(-2,-5)","(-2,-5)",1,104.681,dark-massive
3,366.3780,2.0040,2.396,"(+0,-1)","(+0,-1)",1,105.524,ring-only
3,366.3780,2.0040,2.396,"(-2,-3)","(-2,-3)",1,106.370,dark-massive
3,366.3780,2.0040,2.396,"(-3,-5)","(-3,-5)",1,106.794,dark-massive
3,366.3780,2.0040,2.396,"(-4,-7)","(-4,-7)",1,107.219,dark-massive
3,366.3780,2.0040,2.396,"(-4,-10)","(-2,-5)",2,209.363,dark-massive
3,366.3780,2.0040,2.396,"(-3,-8)","(-3,-8)",1,209.783,dark-massive
3,366.3780,2.0040,2.396,"(+0,-2)","(+0,-1)",2,211.048,ring-only
3,366.3780,2.0040,2.396,"(-1,+0)","(-1,+0)",1,211.470,tube-only
3,366.3780,2.0040,2.396,"(-3,-4)","(-3,-4)",1,212.316,dark-massive
3,366.3780,2.0040,2.396,"(-4,-6)","(-2,-3)",2,212.739,dark-massive
3,366.3780,2.0040,2.396,"(-4,-11)","(-4,-11)",1,314.886,dark-massive
3,366.3780,2.0040,2.396,"(-2,-7)","(-2,-7)",1,315.728,dark-massive
3,366.3780,2.0040,2.396,"(+0,-3)","(+0,-1)",3,316.572,ring-only
3,366.3780,2.0040,2.396,"(-2,-1)","(-2,-1)",1,317.417,dark-massive
3,366.3780,2.0040,2.396,"(-4,-5)","(-4,-5)",1,318.262,dark-massive
3,366.3780,2.0040,2.396,"(-3,-10)","(-3,-10)",1,420.830,dark-massive
3,366.3780,2.0040,2.396,"(+0,-4)","(+0,-1)",4,422.096,ring-only
3,366.3780,2.0040,2.396,"(-2,+0)","(-1,+0)",2,422.940,tube-only
3,366.3780,2.0040,2.396,"(-3,-2)","(-3,-2)",1,423.363,dark-massive
3,366.3780,2.0040,2.396,"(-4,-13)","(-4,-13)",1,525.933,dark-massive
3,366.3780,2.0040,2.396,"(-3,-11)","(-3,-11)",1,526.354,dark-massive
3,366.3780,2.0040,2.396,"(-2,-9)","(-2,-9)",1,526.776,dark-massive
3,366.3780,2.0040,2.396,"(+0,-5)","(+0,-1)",5,527.620,ring-only
3,366.3780,2.0040,2.396,"(-2,+1)","(-2,+1)",1,528.464,dark-massive
3,366.3780,2.0040,2.396,"(-3,-1)","(-3,-1)",1,528.887,dark-massive
3,366.3780,2.0040,2.396,"(-4,-3)","(-4,-3)",1,529.309,dark-massive
3,366.3780,2.0040,2.396,"(-4,-14)","(-2,-7)",2,631.456,dark-massive
3,366.3780,2.0040,2.396,"(+0,-6)","(+0,-1)",6,633.144,ring-only
3,366.3780,2.0040,2.396,"(-3,+0)","(-1,+0)",3,634.410,tube-only
3,366.3780,2.0040,2.396,"(-4,-2)","(-2,-1)",2,634.833,dark-massive
3,366.3780,2.0040,2.396,"(-4,-15)","(-4,-15)",1,736.980,dark-massive
3,366.3780,2.0040,2.396,"(-3,-13)","(-3,-13)",1,737.402,dark-massive
3,366.3780,2.0040,2.396,"(-2,-11)","(-2,-11)",1,737.824,dark-massive
3,366.3780,2.0040,2.396,"(+0,-7)","(+0,-1)",7,738.668,ring-only
3,366.3780,2.0040,2.396,"(-2,+3)","(-2,+3)",1,739.512,dark-massive
3,366.3780,2.0040,2.396,"(-3,+1)","(-3,+1)",1,739.934,dark-massive
3,366.3780,2.0040,2.396,"(-4,-1)","(-4,-1)",1,740.357,dark-massive
3,366.3780,2.0040,2.396,"(-3,-14)","(-3,-14)",1,842.926,dark-massive
3,366.3780,2.0040,2.396,"(+0,-8)","(+0,-1)",8,844.191,ring-only
3,366.3780,2.0040,2.396,"(-3,+2)","(-3,+2)",1,845.458,dark-massive
3,366.3780,2.0040,2.396,"(-4,+0)","(-1,+0)",4,845.881,tube-only
3,366.3780,2.0040,2.396,"(-4,-17)","(-4,-17)",1,948.028,dark-massive
3,366.3780,2.0040,2.396,"(-2,-13)","(-2,-13)",1,948.871,dark-massive
3,366.3780,2.0040,2.396,"(+0,-9)","(+0,-1)",9,949.715,ring-only
3,366.3780,2.0040,2.396,"(-2,+5)","(-2,+5)",1,950.560,dark-massive
3,366.3780,2.0040,2.396,"(-4,+1)","(-4,+1)",1,951.404,dark-massive
3,366.3780,2.0040,2.396,"(-4,-18)","(-2,-9)",2,1053.552,dark-massive
3,366.3780,2.0040,2.396,"(-3,-16)","(-3,-16)",1,1053.973,dark-massive
3,366.3780,2.0040,2.396,"(+0,-10)","(+0,-1)",10,1055.239,ring-only
3,366.3780,2.0040,2.396,"(-3,+4)","(-3,+4)",1,1056.506,dark-massive
3,366.3780,2.0040,2.396,"(-4,+2)","(-2,+1)",2,1056.928,dark-massive
3,366.3780,2.0040,2.396,"(-4,-19)","(-4,-19)",1,1159.075,dark-massive
3,366.3780,2.0040,2.396,"(-3,-17)","(-3,-17)",1,1159.497,dark-massive
3,366.3780,2.0040,2.396,"(-2,-15)","(-2,-15)",1,1159.919,dark-massive
3,366.3780,2.0040,2.396,"(+0,-11)","(+0,-1)",11,1160.763,ring-only
3,366.3780,2.0040,2.396,"(-2,+7)","(-2,+7)",1,1161.608,dark-massive
3,366.3780,2.0040,2.396,"(-3,+5)","(-3,+5)",1,1162.030,dark-massive
3,366.3780,2.0040,2.396,"(-4,+3)","(-4,+3)",1,1162.452,dark-massive
3,366.3780,2.0040,2.396,"(+0,-12)","(+0,-1)",12,1266.287,ring-only
3,366.3780,2.0040,2.396,"(-4,-21)","(-4,-21)",1,1370.123,dark-massive
3,366.3780,2.0040,2.396,"(-3,-19)","(-3,-19)",1,1370.545,dark-massive
3,366.3780,2.0040,2.396,"(-2,-17)","(-2,-17)",1,1370.967,dark-massive
3,366.3780,2.0040,2.396,"(+0,-13)","(+0,-1)",13,1371.811,ring-only
3,366.3780,2.0040,2.396,"(-2,+9)","(-2,+9)",1,1372.655,dark-massive
3,366.3780,2.0040,2.396,"(-3,+7)","(-3,+7)",1,1373.078,dark-massive
3,366.3780,2.0040,2.396,"(-4,+5)","(-4,+5)",1,1373.500,dark-massive
3,366.3780,2.0040,2.396,"(-4,-22)","(-2,-11)",2,1475.647,dark-massive
3,366.3780,2.0040,2.396,"(-3,-20)","(-3,-20)",1,1476.069,dark-massive
3,366.3780,2.0040,2.396,"(+0,-14)","(+0,-1)",14,1477.335,ring-only
3,366.3780,2.0040,2.396,"(-3,+8)","(-3,+8)",1,1478.602,dark-massive
3,366.3780,2.0040,2.396,"(-4,+6)","(-2,+3)",2,1479.024,dark-massive
3,366.3780,2.0040,2.396,"(-4,-23)","(-4,-23)",1,1581.171,dark-massive
3,366.3780,2.0040,2.396,"(-2,-19)","(-2,-19)",1,1582.015,dark-massive
3,366.3780,2.0040,2.396,"(+0,-15)","(+0,-1)",15,1582.859,ring-only
3,366.3780,2.0040,2.396,"(-2,+11)","(-2,+11)",1,1583.703,dark-massive
3,366.3780,2.0040,2.396,"(-4,+7)","(-4,+7)",1,1584.548,dark-massive
3,366.3780,2.0040,2.396,"(-3,-22)","(-3,-22)",1,1687.117,dark-massive
3,366.3780,2.0040,2.396,"(+0,-16)","(+0,-1)",16,1688.383,ring-only
3,366.3780,2.0040,2.396,"(-3,+10)","(-3,+10)",1,1689.649,dark-massive
3,366.3780,2.0040,2.396,"(-4,-25)","(-4,-25)",1,1792.219,dark-massive
3,366.3780,2.0040,2.396,"(-3,-23)","(-3,-23)",1,1792.641,dark-massive
3,366.3780,2.0040,2.396,"(-2,-21)","(-2,-21)",1,1793.063,dark-massive
3,366.3780,2.0040,2.396,"(+0,-17)","(+0,-1)",17,1793.907,ring-only
3,366.3780,2.0040,2.396,"(-2,+13)","(-2,+13)",1,1794.751,dark-massive
3,366.3780,2.0040,2.396,"(-3,+11)","(-3,+11)",1,1795.173,dark-massive
3,366.3780,2.0040,2.396,"(-4,+9)","(-4,+9)",1,1795.596,dark-massive
3,366.3780,2.0040,2.396,"(-4,-26)","(-2,-13)",2,1897.743,dark-massive
3,366.3780,2.0040,2.396,"(+0,-18)","(+0,-1)",18,1899.431,ring-only
3,366.3780,2.0040,2.396,"(-4,+10)","(-2,+5)",2,1901.119,dark-massive
3,366.3780,2.0040,2.396,"(-4,-27)","(-4,-27)",1,2003.267,dark-massive
3,366.3780,2.0040,2.396,"(-3,-25)","(-3,-25)",1,2003.689,dark-massive
3,366.3780,2.0040,2.396,"(-2,-23)","(-2,-23)",1,2004.111,dark-massive
3,366.3780,2.0040,2.396,"(+0,-19)","(+0,-1)",19,2004.955,ring-only
3,366.3780,2.0040,2.396,"(-2,+15)","(-2,+15)",1,2005.799,dark-massive
3,366.3780,2.0040,2.396,"(-3,+13)","(-3,+13)",1,2006.221,dark-massive
3,366.3780,2.0040,2.396,"(-4,+11)","(-4,+11)",1,2006.643,dark-massive
3,366.3780,2.0040,2.396,"(-3,-26)","(-3,-26)",1,2109.212,dark-massive
3,366.3780,2.0040,2.396,"(+0,-20)","(+0,-1)",20,2110.479,ring-only
3,366.3780,2.0040,2.396,"(-3,+14)","(-3,+14)",1,2111.745,dark-massive
3,366.3780,2.0040,2.396,"(-4,-29)","(-4,-29)",1,2214.314,dark-massive
3,366.3780,2.0040,2.396,"(-2,-25)","(-2,-25)",1,2215.158,dark-massive
3,366.3780,2.0040,2.396,"(+0,-21)","(+0,-1)",21,2216.003,ring-only
3,366.3780,2.0040,2.396,"(-2,+17)","(-2,+17)",1,2216.847,dark-massive
3,366.3780,2.0040,2.396,"(-4,+13)","(-4,+13)",1,2217.691,dark-massive
3,366.3780,2.0040,2.396,"(-4,-30)","(-2,-15)",2,2319.838,dark-massive
3,366.3780,2.0040,2.396,"(-3,-28)","(-3,-28)",1,2320.260,dark-massive
3,366.3780,2.0040,2.396,"(+0,-22)","(+0,-1)",22,2321.526,ring-only
3,366.3780,2.0040,2.396,"(-3,+16)","(-3,+16)",1,2322.793,dark-massive
3,366.3780,2.0040,2.396,"(-4,+14)","(-2,+7)",2,2323.215,dark-massive
3,366.3780,2.0040,2.396,"(-3,-29)","(-3,-29)",1,2425.784,dark-massive
3,366.3780,2.0040,2.396,"(-2,-27)","(-2,-27)",1,2426.206,dark-massive
3,366.3780,2.0040,2.396,"(+0,-23)","(+0,-1)",23,2427.050,ring-only
3,366.3780,2.0040,2.396,"(-2,+19)","(-2,+19)",1,2427.895,dark-massive
3,366.3780,2.0040,2.396,"(-3,+17)","(-3,+17)",1,2428.317,dark-massive
3,366.3780,2.0040,2.396,"(-4,+15)","(-4,+15)",1,2428.739,dark-massive
4,366.3780,1.9960,2.396,"(-4,-7)","(-4,-7)",1,103.842,dark-massive
4,366.3780,1.9960,2.396,"(-3,-5)","(-3,-5)",1,104.261,dark-massive
4,366.3780,1.9960,2.396,"(-2,-3)","(-2,-3)",1,104.681,dark-massive
4,366.3780,1.9960,2.396,"(+0,-1)","(+0,-1)",1,105.524,ring-only
4,366.3780,1.9960,2.396,"(-2,-5)","(-2,-5)",1,106.370,dark-massive
4,366.3780,1.9960,2.396,"(-3,-7)","(-3,-7)",1,106.794,dark-massive
4,366.3780,1.9960,2.396,"(-4,-9)","(-4,-9)",1,107.219,dark-massive
4,366.3780,1.9960,2.396,"(-4,-6)","(-2,-3)",2,209.363,dark-massive
4,366.3780,1.9960,2.396,"(-3,-4)","(-3,-4)",1,209.783,dark-massive
4,366.3780,1.9960,2.396,"(-1,+0)","(-1,+0)",1,210.626,tube-only
4,366.3780,1.9960,2.396,"(+0,-2)","(+0,-1)",2,211.048,ring-only
4,366.3780,1.9960,2.396,"(-3,-8)","(-3,-8)",1,212.316,dark-massive
4,366.3780,1.9960,2.396,"(-4,-10)","(-2,-5)",2,212.739,dark-massive
4,366.3780,1.9960,2.396,"(-4,-5)","(-4,-5)",1,314.886,dark-massive
4,366.3780,1.9960,2.396,"(-2,-1)","(-2,-1)",1,315.728,dark-massive
4,366.3780,1.9960,2.396,"(+0,-3)","(+0,-1)",3,316.572,ring-only
4,366.3780,1.9960,2.396,"(-2,-7)","(-2,-7)",1,317.417,dark-massive
4,366.3780,1.9960,2.396,"(-4,-11)","(-4,-11)",1,318.262,dark-massive
4,366.3780,1.9960,2.396,"(-3,-2)","(-3,-2)",1,420.830,dark-massive
4,366.3780,1.9960,2.396,"(-2,+0)","(-1,+0)",2,421.252,tube-only
4,366.3780,1.9960,2.396,"(+0,-4)","(+0,-1)",4,422.096,ring-only
4,366.3780,1.9960,2.396,"(-3,-10)","(-3,-10)",1,423.363,dark-massive
4,366.3780,1.9960,2.396,"(-4,-3)","(-4,-3)",1,525.933,dark-massive
4,366.3780,1.9960,2.396,"(-3,-1)","(-3,-1)",1,526.354,dark-massive
4,366.3780,1.9960,2.396,"(-2,+1)","(-2,+1)",1,526.776,dark-massive
4,366.3780,1.9960,2.396,"(+0,-5)","(+0,-1)",5,527.620,ring-only
4,366.3780,1.9960,2.396,"(-2,-9)","(-2,-9)",1,528.464,dark-massive
4,366.3780,1.9960,2.396,"(-3,-11)","(-3,-11)",1,528.887,dark-massive
4,366.3780,1.9960,2.396,"(-4,-13)","(-4,-13)",1,529.309,dark-massive
4,366.3780,1.9960,2.396,"(-4,-2)","(-2,-1)",2,631.456,dark-massive
4,366.3780,1.9960,2.396,"(-3,+0)","(-1,+0)",3,631.878,tube-only
4,366.3780,1.9960,2.396,"(+0,-6)","(+0,-1)",6,633.144,ring-only
4,366.3780,1.9960,2.396,"(-4,-14)","(-2,-7)",2,634.833,dark-massive
4,366.3780,1.9960,2.396,"(-4,-1)","(-4,-1)",1,736.980,dark-massive
4,366.3780,1.9960,2.396,"(-3,+1)","(-3,+1)",1,737.402,dark-massive
4,366.3780,1.9960,2.396,"(-2,+3)","(-2,+3)",1,737.824,dark-massive
4,366.3780,1.9960,2.396,"(+0,-7)","(+0,-1)",7,738.668,ring-only
4,366.3780,1.9960,2.396,"(-2,-11)","(-2,-11)",1,739.512,dark-massive
4,366.3780,1.9960,2.396,"(-3,-13)","(-3,-13)",1,739.934,dark-massive
4,366.3780,1.9960,2.396,"(-4,-15)","(-4,-15)",1,740.357,dark-massive
4,366.3780,1.9960,2.396,"(-4,+0)","(-1,+0)",4,842.504,tube-only
4,366.3780,1.9960,2.396,"(-3,+2)","(-3,+2)",1,842.926,dark-massive
4,366.3780,1.9960,2.396,"(+0,-8)","(+0,-1)",8,844.191,ring-only
4,366.3780,1.9960,2.396,"(-3,-14)","(-3,-14)",1,845.458,dark-massive
4,366.3780,1.9960,2.396,"(-4,+1)","(-4,+1)",1,948.028,dark-massive
4,366.3780,1.9960,2.396,"(-2,+5)","(-2,+5)",1,948.871,dark-massive
4,366.3780,1.9960,2.396,"(+0,-9)","(+0,-1)",9,949.715,ring-only
4,366.3780,1.9960,2.396,"(-2,-13)","(-2,-13)",1,950.560,dark-massive
4,366.3780,1.9960,2.396,"(-4,-17)","(-4,-17)",1,951.404,dark-massive
4,366.3780,1.9960,2.396,"(-4,+2)","(-2,+1)",2,1053.552,dark-massive
4,366.3780,1.9960,2.396,"(-3,+4)","(-3,+4)",1,1053.973,dark-massive
4,366.3780,1.9960,2.396,"(+0,-10)","(+0,-1)",10,1055.239,ring-only
4,366.3780,1.9960,2.396,"(-3,-16)","(-3,-16)",1,1056.506,dark-massive
4,366.3780,1.9960,2.396,"(-4,-18)","(-2,-9)",2,1056.928,dark-massive
4,366.3780,1.9960,2.396,"(-4,+3)","(-4,+3)",1,1159.075,dark-massive
4,366.3780,1.9960,2.396,"(-3,+5)","(-3,+5)",1,1159.497,dark-massive
4,366.3780,1.9960,2.396,"(-2,+7)","(-2,+7)",1,1159.919,dark-massive
4,366.3780,1.9960,2.396,"(+0,-11)","(+0,-1)",11,1160.763,ring-only
4,366.3780,1.9960,2.396,"(-2,-15)","(-2,-15)",1,1161.608,dark-massive
4,366.3780,1.9960,2.396,"(-3,-17)","(-3,-17)",1,1162.030,dark-massive
4,366.3780,1.9960,2.396,"(-4,-19)","(-4,-19)",1,1162.452,dark-massive
4,366.3780,1.9960,2.396,"(+0,-12)","(+0,-1)",12,1266.287,ring-only
4,366.3780,1.9960,2.396,"(-4,+5)","(-4,+5)",1,1370.123,dark-massive
4,366.3780,1.9960,2.396,"(-3,+7)","(-3,+7)",1,1370.545,dark-massive
4,366.3780,1.9960,2.396,"(-2,+9)","(-2,+9)",1,1370.967,dark-massive
4,366.3780,1.9960,2.396,"(+0,-13)","(+0,-1)",13,1371.811,ring-only
4,366.3780,1.9960,2.396,"(-2,-17)","(-2,-17)",1,1372.655,dark-massive
4,366.3780,1.9960,2.396,"(-3,-19)","(-3,-19)",1,1373.078,dark-massive
4,366.3780,1.9960,2.396,"(-4,-21)","(-4,-21)",1,1373.500,dark-massive
4,366.3780,1.9960,2.396,"(-4,+6)","(-2,+3)",2,1475.647,dark-massive
4,366.3780,1.9960,2.396,"(-3,+8)","(-3,+8)",1,1476.069,dark-massive
4,366.3780,1.9960,2.396,"(+0,-14)","(+0,-1)",14,1477.335,ring-only
4,366.3780,1.9960,2.396,"(-3,-20)","(-3,-20)",1,1478.602,dark-massive
4,366.3780,1.9960,2.396,"(-4,-22)","(-2,-11)",2,1479.024,dark-massive
4,366.3780,1.9960,2.396,"(-4,+7)","(-4,+7)",1,1581.171,dark-massive
4,366.3780,1.9960,2.396,"(-2,+11)","(-2,+11)",1,1582.015,dark-massive
4,366.3780,1.9960,2.396,"(+0,-15)","(+0,-1)",15,1582.859,ring-only
4,366.3780,1.9960,2.396,"(-2,-19)","(-2,-19)",1,1583.703,dark-massive
4,366.3780,1.9960,2.396,"(-4,-23)","(-4,-23)",1,1584.548,dark-massive
4,366.3780,1.9960,2.396,"(-3,+10)","(-3,+10)",1,1687.117,dark-massive
4,366.3780,1.9960,2.396,"(+0,-16)","(+0,-1)",16,1688.383,ring-only
4,366.3780,1.9960,2.396,"(-3,-22)","(-3,-22)",1,1689.649,dark-massive
4,366.3780,1.9960,2.396,"(-4,+9)","(-4,+9)",1,1792.219,dark-massive
4,366.3780,1.9960,2.396,"(-3,+11)","(-3,+11)",1,1792.641,dark-massive
4,366.3780,1.9960,2.396,"(-2,+13)","(-2,+13)",1,1793.063,dark-massive
4,366.3780,1.9960,2.396,"(+0,-17)","(+0,-1)",17,1793.907,ring-only
4,366.3780,1.9960,2.396,"(-2,-21)","(-2,-21)",1,1794.751,dark-massive
4,366.3780,1.9960,2.396,"(-3,-23)","(-3,-23)",1,1795.173,dark-massive
4,366.3780,1.9960,2.396,"(-4,-25)","(-4,-25)",1,1795.596,dark-massive
4,366.3780,1.9960,2.396,"(-4,+10)","(-2,+5)",2,1897.743,dark-massive
4,366.3780,1.9960,2.396,"(+0,-18)","(+0,-1)",18,1899.431,ring-only
4,366.3780,1.9960,2.396,"(-4,-26)","(-2,-13)",2,1901.119,dark-massive
4,366.3780,1.9960,2.396,"(-4,+11)","(-4,+11)",1,2003.267,dark-massive
4,366.3780,1.9960,2.396,"(-3,+13)","(-3,+13)",1,2003.689,dark-massive
4,366.3780,1.9960,2.396,"(-2,+15)","(-2,+15)",1,2004.111,dark-massive
4,366.3780,1.9960,2.396,"(+0,-19)","(+0,-1)",19,2004.955,ring-only
4,366.3780,1.9960,2.396,"(-2,-23)","(-2,-23)",1,2005.799,dark-massive
4,366.3780,1.9960,2.396,"(-3,-25)","(-3,-25)",1,2006.221,dark-massive
4,366.3780,1.9960,2.396,"(-4,-27)","(-4,-27)",1,2006.643,dark-massive
4,366.3780,1.9960,2.396,"(-3,+14)","(-3,+14)",1,2109.212,dark-massive
4,366.3780,1.9960,2.396,"(+0,-20)","(+0,-1)",20,2110.479,ring-only
4,366.3780,1.9960,2.396,"(-3,-26)","(-3,-26)",1,2111.745,dark-massive
4,366.3780,1.9960,2.396,"(-4,+13)","(-4,+13)",1,2214.314,dark-massive
4,366.3780,1.9960,2.396,"(-2,+17)","(-2,+17)",1,2215.158,dark-massive
4,366.3780,1.9960,2.396,"(+0,-21)","(+0,-1)",21,2216.003,ring-only
4,366.3780,1.9960,2.396,"(-2,-25)","(-2,-25)",1,2216.847,dark-massive
4,366.3780,1.9960,2.396,"(-4,-29)","(-4,-29)",1,2217.691,dark-massive
4,366.3780,1.9960,2.396,"(-4,+14)","(-2,+7)",2,2319.838,dark-massive
4,366.3780,1.9960,2.396,"(-3,+16)","(-3,+16)",1,2320.260,dark-massive
4,366.3780,1.9960,2.396,"(+0,-22)","(+0,-1)",22,2321.526,ring-only
4,366.3780,1.9960,2.396,"(-3,-28)","(-3,-28)",1,2322.793,dark-massive
4,366.3780,1.9960,2.396,"(-4,-30)","(-2,-15)",2,2323.215,dark-massive
4,366.3780,1.9960,2.396,"(-4,+15)","(-4,+15)",1,2425.362,dark-massive
4,366.3780,1.9960,2.396,"(-3,+17)","(-3,+17)",1,2425.784,dark-massive
4,366.3780,1.9960,2.396,"(-2,+19)","(-2,+19)",1,2426.206,dark-massive
4,366.3780,1.9960,2.396,"(+0,-23)","(+0,-1)",23,2427.050,ring-only
4,366.3780,1.9960,2.396,"(-2,-27)","(-2,-27)",1,2427.895,dark-massive
4,366.3780,1.9960,2.396,"(-3,-29)","(-3,-29)",1,2428.317,dark-massive
5,349.2856,2.0040,2.063,"(-4,-9)","(-4,-9)",1,102.227,dark-massive
5,349.2856,2.0040,2.063,"(-3,-7)","(-3,-7)",1,102.640,dark-massive
5,349.2856,2.0040,2.063,"(-2,-5)","(-2,-5)",1,103.053,dark-massive
5,349.2856,2.0040,2.063,"(+0,-1)","(+0,-1)",1,103.882,ring-only
5,349.2856,2.0040,2.063,"(-2,-3)","(-2,-3)",1,104.715,dark-massive
5,349.2856,2.0040,2.063,"(-3,-5)","(-3,-5)",1,105.133,dark-massive
5,349.2856,2.0040,2.063,"(-4,-7)","(-4,-7)",1,105.551,dark-massive
5,349.2856,2.0040,2.063,"(-4,-10)","(-2,-5)",2,206.106,dark-massive
5,349.2856,2.0040,2.063,"(-3,-8)","(-3,-8)",1,206.520,dark-massive
5,349.2856,2.0040,2.063,"(+0,-2)","(+0,-1)",2,207.765,ring-only
5,349.2856,2.0040,2.063,"(-1,+0)","(-1,+0)",1,208.181,tube-only
5,349.2856,2.0040,2.063,"(-3,-4)","(-3,-4)",1,209.013,dark-massive
5,349.2856,2.0040,2.063,"(-4,-6)","(-2,-3)",2,209.430,dark-massive
5,349.2856,2.0040,2.063,"(-4,-11)","(-4,-11)",1,309.987,dark-massive
5,349.2856,2.0040,2.063,"(-2,-7)","(-2,-7)",1,310.817,dark-massive
5,349.2856,2.0040,2.063,"(+0,-3)","(+0,-1)",3,311.647,ring-only
5,349.2856,2.0040,2.063,"(-2,-1)","(-2,-1)",1,312.479,dark-massive
5,349.2856,2.0040,2.063,"(-4,-5)","(-4,-5)",1,313.312,dark-massive
5,349.2856,2.0040,2.063,"(-3,-10)","(-3,-10)",1,414.284,dark-massive
5,349.2856,2.0040,2.063,"(+0,-4)","(+0,-1)",4,415.530,ring-only
5,349.2856,2.0040,2.063,"(-2,+0)","(-1,+0)",2,416.361,tube-only
5,349.2856,2.0040,2.063,"(-3,-2)","(-3,-2)",1,416.777,dark-massive
5,349.2856,2.0040,2.063,"(-4,-13)","(-4,-13)",1,517.751,dark-massive
5,349.2856,2.0040,2.063,"(-3,-11)","(-3,-11)",1,518.166,dark-massive
5,349.2856,2.0040,2.063,"(-2,-9)","(-2,-9)",1,518.581,dark-massive
5,349.2856,2.0040,2.063,"(+0,-5)","(+0,-1)",5,519.412,ring-only
5,349.2856,2.0040,2.063,"(-2,+1)","(-2,+1)",1,520.243,dark-massive
5,349.2856,2.0040,2.063,"(-3,-1)","(-3,-1)",1,520.659,dark-massive
5,349.2856,2.0040,2.063,"(-4,-3)","(-4,-3)",1,521.076,dark-massive
5,349.2856,2.0040,2.063,"(-4,-14)","(-2,-7)",2,621.633,dark-massive
5,349.2856,2.0040,2.063,"(+0,-6)","(+0,-1)",6,623.294,ring-only
5,349.2856,2.0040,2.063,"(-3,+0)","(-1,+0)",3,624.542,tube-only
5,349.2856,2.0040,2.063,"(-4,-2)","(-2,-1)",2,624.958,dark-massive
5,349.2856,2.0040,2.063,"(-4,-15)","(-4,-15)",1,725.516,dark-massive
5,349.2856,2.0040,2.063,"(-3,-13)","(-3,-13)",1,725.931,dark-massive
5,349.2856,2.0040,2.063,"(-2,-11)","(-2,-11)",1,726.346,dark-massive
5,349.2856,2.0040,2.063,"(+0,-7)","(+0,-1)",7,727.177,ring-only
5,349.2856,2.0040,2.063,"(-2,+3)","(-2,+3)",1,728.008,dark-massive
5,349.2856,2.0040,2.063,"(-3,+1)","(-3,+1)",1,728.424,dark-massive
5,349.2856,2.0040,2.063,"(-4,-1)","(-4,-1)",1,728.840,dark-massive
5,349.2856,2.0040,2.063,"(-3,-14)","(-3,-14)",1,829.813,dark-massive
5,349.2856,2.0040,2.063,"(+0,-8)","(+0,-1)",8,831.059,ring-only
5,349.2856,2.0040,2.063,"(-3,+2)","(-3,+2)",1,832.306,dark-massive
5,349.2856,2.0040,2.063,"(-4,+0)","(-1,+0)",4,832.722,tube-only
5,349.2856,2.0040,2.063,"(-4,-17)","(-4,-17)",1,933.280,dark-massive
5,349.2856,2.0040,2.063,"(-2,-13)","(-2,-13)",1,934.111,dark-massive
5,349.2856,2.0040,2.063,"(+0,-9)","(+0,-1)",9,934.942,ring-only
5,349.2856,2.0040,2.063,"(-2,+5)","(-2,+5)",1,935.773,dark-massive
5,349.2856,2.0040,2.063,"(-4,+1)","(-4,+1)",1,936.605,dark-massive
5,349.2856,2.0040,2.063,"(-4,-18)","(-2,-9)",2,1037.163,dark-massive
5,349.2856,2.0040,2.063,"(-3,-16)","(-3,-16)",1,1037.578,dark-massive
5,349.2856,2.0040,2.063,"(+0,-10)","(+0,-1)",10,1038.824,ring-only
5,349.2856,2.0040,2.063,"(-3,+4)","(-3,+4)",1,1040.071,dark-massive
5,349.2856,2.0040,2.063,"(-4,+2)","(-2,+1)",2,1040.487,dark-massive
5,349.2856,2.0040,2.063,"(-4,-19)","(-4,-19)",1,1141.045,dark-massive
5,349.2856,2.0040,2.063,"(-3,-17)","(-3,-17)",1,1141.460,dark-massive
5,349.2856,2.0040,2.063,"(-2,-15)","(-2,-15)",1,1141.876,dark-massive
5,349.2856,2.0040,2.063,"(+0,-11)","(+0,-1)",11,1142.706,ring-only
5,349.2856,2.0040,2.063,"(-2,+7)","(-2,+7)",1,1143.538,dark-massive
5,349.2856,2.0040,2.063,"(-3,+5)","(-3,+5)",1,1143.953,dark-massive
5,349.2856,2.0040,2.063,"(-4,+3)","(-4,+3)",1,1144.369,dark-massive
5,349.2856,2.0040,2.063,"(+0,-12)","(+0,-1)",12,1246.589,ring-only
5,349.2856,2.0040,2.063,"(-4,-21)","(-4,-21)",1,1348.810,dark-massive
5,349.2856,2.0040,2.063,"(-3,-19)","(-3,-19)",1,1349.225,dark-massive
5,349.2856,2.0040,2.063,"(-2,-17)","(-2,-17)",1,1349.640,dark-massive
5,349.2856,2.0040,2.063,"(+0,-13)","(+0,-1)",13,1350.471,ring-only
5,349.2856,2.0040,2.063,"(-2,+9)","(-2,+9)",1,1351.302,dark-massive
5,349.2856,2.0040,2.063,"(-3,+7)","(-3,+7)",1,1351.718,dark-massive
5,349.2856,2.0040,2.063,"(-4,+5)","(-4,+5)",1,1352.134,dark-massive
5,349.2856,2.0040,2.063,"(-4,-22)","(-2,-11)",2,1452.692,dark-massive
5,349.2856,2.0040,2.063,"(-3,-20)","(-3,-20)",1,1453.107,dark-massive
5,349.2856,2.0040,2.063,"(+0,-14)","(+0,-1)",14,1454.354,ring-only
5,349.2856,2.0040,2.063,"(-3,+8)","(-3,+8)",1,1455.601,dark-massive
5,349.2856,2.0040,2.063,"(-4,+6)","(-2,+3)",2,1456.016,dark-massive
5,349.2856,2.0040,2.063,"(-4,-23)","(-4,-23)",1,1556.574,dark-massive
5,349.2856,2.0040,2.063,"(-2,-19)","(-2,-19)",1,1557.405,dark-massive
5,349.2856,2.0040,2.063,"(+0,-15)","(+0,-1)",15,1558.236,ring-only
5,349.2856,2.0040,2.063,"(-2,+11)","(-2,+11)",1,1559.067,dark-massive
5,349.2856,2.0040,2.063,"(-4,+7)","(-4,+7)",1,1559.899,dark-massive
5,349.2856,2.0040,2.063,"(-3,-22)","(-3,-22)",1,1660.872,dark-massive
5,349.2856,2.0040,2.063,"(+0,-16)","(+0,-1)",16,1662.119,ring-only
5,349.2856,2.0040,2.063,"(-3,+10)","(-3,+10)",1,1663.365,dark-massive
5,349.2856,2.0040,2.063,"(-4,-25)","(-4,-25)",1,1764.339,dark-massive
5,349.2856,2.0040,2.063,"(-3,-23)","(-3,-23)",1,1764.755,dark-massive
5,349.2856,2.0040,2.063,"(-2,-21)","(-2,-21)",1,1765.170,dark-massive
5,349.2856,2.0040,2.063,"(+0,-17)","(+0,-1)",17,1766.001,ring-only
5,349.2856,2.0040,2.063,"(-2,+13)","(-2,+13)",1,1766.832,dark-massive
5,349.2856,2.0040,2.063,"(-3,+11)","(-3,+11)",1,1767.248,dark-massive
5,349.2856,2.0040,2.063,"(-4,+9)","(-4,+9)",1,1767.663,dark-massive
5,349.2856,2.0040,2.063,"(-4,-26)","(-2,-13)",2,1868.222,dark-massive
5,349.2856,2.0040,2.063,"(+0,-18)","(+0,-1)",18,1869.883,ring-only
5,349.2856,2.0040,2.063,"(-4,+10)","(-2,+5)",2,1871.546,dark-massive
5,349.2856,2.0040,2.063,"(-4,-27)","(-4,-27)",1,1972.104,dark-massive
5,349.2856,2.0040,2.063,"(-3,-25)","(-3,-25)",1,1972.519,dark-massive
5,349.2856,2.0040,2.063,"(-2,-23)","(-2,-23)",1,1972.935,dark-massive
5,349.2856,2.0040,2.063,"(+0,-19)","(+0,-1)",19,1973.766,ring-only
5,349.2856,2.0040,2.063,"(-2,+15)","(-2,+15)",1,1974.597,dark-massive
5,349.2856,2.0040,2.063,"(-3,+13)","(-3,+13)",1,1975.013,dark-massive
5,349.2856,2.0040,2.063,"(-4,+11)","(-4,+11)",1,1975.428,dark-massive
5,349.2856,2.0040,2.063,"(-3,-26)","(-3,-26)",1,2076.402,dark-massive
5,349.2856,2.0040,2.063,"(+0,-20)","(+0,-1)",20,2077.648,ring-only
5,349.2856,2.0040,2.063,"(-3,+14)","(-3,+14)",1,2078.895,dark-massive
5,349.2856,2.0040,2.063,"(-4,-29)","(-4,-29)",1,2179.869,dark-massive
5,349.2856,2.0040,2.063,"(-2,-25)","(-2,-25)",1,2180.700,dark-massive
5,349.2856,2.0040,2.063,"(+0,-21)","(+0,-1)",21,2181.531,ring-only
5,349.2856,2.0040,2.063,"(-2,+17)","(-2,+17)",1,2182.362,dark-massive
5,349.2856,2.0040,2.063,"(-4,+13)","(-4,+13)",1,2183.193,dark-massive
5,349.2856,2.0040,2.063,"(-4,-30)","(-2,-15)",2,2283.751,dark-massive
5,349.2856,2.0040,2.063,"(-3,-28)","(-3,-28)",1,2284.167,dark-massive
5,349.2856,2.0040,2.063,"(+0,-22)","(+0,-1)",22,2285.413,ring-only
5,349.2856,2.0040,2.063,"(-3,+16)","(-3,+16)",1,2286.660,dark-massive
5,349.2856,2.0040,2.063,"(-4,+14)","(-2,+7)",2,2287.075,dark-massive
5,349.2856,2.0040,2.063,"(-3,-29)","(-3,-29)",1,2388.049,dark-massive
5,349.2856,2.0040,2.063,"(-2,-27)","(-2,-27)",1,2388.464,dark-massive
5,349.2856,2.0040,2.063,"(+0,-23)","(+0,-1)",23,2389.295,ring-only
5,349.2856,2.0040,2.063,"(-2,+19)","(-2,+19)",1,2390.126,dark-massive
5,349.2856,2.0040,2.063,"(-3,+17)","(-3,+17)",1,2390.542,dark-massive
5,349.2856,2.0040,2.063,"(-4,+15)","(-4,+15)",1,2390.958,dark-massive
5,349.2856,2.0040,2.063,"(+0,-24)","(+0,-1)",24,2493.178,ring-only
